0,Jeffery Kane,w,55,+953366370781,breanna.hughes@james.net,438
1,Robert Sherman,w,33,+682934744056,james.pham@hernandez-wood.org.br,3249
2,Michael Chambers,m,26,+227283514268,stephanie.bradley@sweeney-gross.com.br,1155
3,Rita Gibbs,w,32,+682937749273,joshua.stephenson@spencer.net.br,1409
4,Douglas Becker,w,23,+33205796038,debra.myers@gonzalez.net,5848
5,Donna Quinn,m,46,+425566511898,heather.kim@jackson.net,3625
6,Stephanie Alexander,m,96,+883535717807,joseph.williams@holden-li.gov.br,2870
7,Alexander Benson,w,73,+769804036098,sonya.hickman@carpenter.org.br,1578
8,Cynthia Garcia,m,88,+75568647112,kristie.smith@ross-thomas.org,757
9,Kristy Norris,m,79,+769430392330,adam.anderson@rojas.org.br,6318
10,Adrian Martinez,m,51,+196593442760,stephen.davis@perez-jordan.com,2796
11,Tiffany Stanton,w,3,+682287436104,dennis.watson@hubbard.net,2643
12,Lauren Nicholson,w,33,+437174689802,brittney.holden@mccormick.com,7423
13,Joshua Scott,m,46,+953335249710,dawn.sanchez@hensley-johnson.org,9177
14,Sandra Stout,w,89,+397198069852,todd.johnson@parsons-burgess.com.br,7743
15,Billy Lam DDS,w,16,+851155187164,bradley.hanson@reynolds-welch.org,946
16,Tyler Graves,m,70,+940912940151,beverly.mccoy@peck-meyer.org.br,6793
17,Corey Cummings,m,59,+980547178753,jennifer.marshall@davis.gov.br,5186
18,Amy Brooks,m,19,+804779571689,garrett.warner@simmons-knox.gov,6986
19,Mikayla Schaefer,w,85,+26770571272,lori.dunn@dixon.org.br,1427
20,Melvin Jackson,w,54,+70992256405,linda.hansen@smith.gov.br,6775
21,Ryan Dyer,w,57,+629155906506,michael.gonzales@harrison.org.br,2631
22,Marissa Smith,m,29,+720102667541,jason.mcdonald@hernandez.com.br,5550
23,Julie Yates MD,m,0,+909862936555,bailey.gordon@anderson.com,5476
24,Diana Murillo,w,82,+933818622374,whitney.johnson@davis.com,8018
25,Evan Moore,w,53,+69977731597,donald.long@gonzalez.org,1878
26,Carol Jones,w,0,+164246760935,stephanie.brock@martin.com,3206
27,Jennifer Shepard,m,6,+59234700256,hannah.gomez@jackson.com,1510
28,Alan Brown,w,100,+901535089656,charles.anderson@harrell.net,4928
29,Lori Brown DDS,m,76,+63949322568,michael.hunter@sanders.org.br,3050
30,Brittney Morgan,w,74,+280370776013,jason.clarke@scott.org,6332
31,James Cochran,m,23,+434123736862,anna.daniels@mitchell-powell.com,1400
32,Connor Ramirez,w,91,+327570691303,isaiah.warner@cross.com.br,8654
33,Joseph Hamilton,m,100,+267327780946,carrie.obrien@webster.com.br,9272
34,Melissa Diaz,w,71,+557781195388,richard.harris@mason-pineda.gov,5218
35,Jeremiah Steele,m,2,+380881851903,kristin.esparza@ali-caldwell.org,5251
36,William Zamora,m,50,+504492765617,andrea.bonilla@pace-mejia.gov,4154
37,Steven Griffin,w,2,+895368671096,susan.santiago@jefferson-garcia.org.br,8527
38,Patricia Cooper,w,62,+937917508547,kenneth.garcia@schmitt-campbell.com.br,2123
39,Amanda Bell,m,82,+455640898446,michael.scott@montgomery.net.br,2115
40,James Joseph,m,32,+697835113188,hunter.phillips@owens.net.br,2289
41,Patricia Madden,m,33,+323397346204,mary.patterson@white-hunter.com,1869
42,Sara Pratt PhD,w,99,+563430506846,daniel.jenkins@sanders.org.br,6862
43,Scott Adkins,w,68,+13750728158,stacey.novak@hudson.org,7723
44,Chelsea Thomas,w,70,+837711110225,brian.anderson@myers.net.br,768
45,Stephen Scott,w,89,+777720230466,richard.sharp@carter.org.br,8745
46,John Lopez,w,32,+112531334682,ashley.mueller@brandt-scott.net,4647
47,Stephen Allen,m,85,+872379072678,eric.wall@saunders.gov.br,4590
48,Samuel Williams,w,30,+843966334690,allen.swanson@scott-jones.com,1650
49,Richard Fowler,m,46,+837792292845,gina.graham@ramos.net,3319
50,Brian White,m,73,+643212002297,kathryn.buchanan@davis-austin.gov,6829
51,Peter Johnson,m,37,+952254679694,randy.willis@powell.org,2241
52,Lydia Buchanan,w,17,+705774570043,erin.nelson@long.gov.br,2309
53,Albert Huerta,m,84,+410657625591,david.harris@marquez-ferguson.net,6028
54,Adam Lee,w,77,+65452410883,melissa.newton@chapman-cunningham.com,1777
55,Valerie Davis,m,39,+13510320889,miranda.blair@torres-singh.gov.br,3722
56,Jennifer Vasquez,w,60,+71739699291,erin.sullivan@cruz.net.br,7641
57,Courtney Brady,m,34,+895803200278,heather.parker@hensley.org,7963
58,Mary Morrison,m,78,+511116855454,tanya.hall@edwards.org.br,8886
59,Andrea Smith,m,97,+63292172902,teresa.luna@maxwell.gov,1662
60,Michael Neal,w,54,+350668227594,tonya.gregory@andrews.org.br,771
61,Anthony Osborne,w,33,+128651264007,tyler.collier@ruiz.com,4516
62,Sandra Montgomery,w,90,+818942346078,caitlyn.ramos@bell.org.br,8155
63,Steven Tyler,w,39,+423766900782,gabriel.thomas@walker-harris.com.br,4371
64,Evelyn Martin,m,0,+470311598811,rebecca.williamson@herrera.org.br,1120
65,Kristine Bowers,w,28,+786052782422,linda.diaz@morgan.gov.br,2266
66,Mr. Michael Rivas,w,51,+375477646825,melissa.ramos@hull.net,657
67,Christian Marsh,m,15,+578176761460,david.dunn@reynolds.org.br,8734
68,Jennifer Navarro,m,48,+63465259156,christopher.garcia@blair.com.br,6141
69,Jimmy Harris,w,38,+462614619784,emily.holloway@schultz-hendrix.net.br,8729
70,Holly Greene,w,9,+610823498025,tony.vasquez@gutierrez.org,5416
71,John Burns,w,4,+227554155800,jason.mcmillan@powers-williams.gov.br,6834
72,Tonya Avila,m,69,+630150519586,michael.gould@petty-hall.net.br,3728
73,Victoria Francis,w,54,+944917701699,adam.hayes@dillon.org,7254
74,Ryan Hamilton,m,71,+1007678298636,tony.reeves@green.com,1631
75,Jamie Nichols,w,48,+549409798207,nicole.roy@thomas-james.org,6872
76,Terry Little,w,22,+982874522320,jessica.shepard@simmons-brandt.com,6761
77,Stacie Yu,m,49,+702036652919,jasmine.barnes@grant.com,2405
78,Molly Ortiz,w,63,+326715250115,sean.bird@martinez-clark.org.br,1644
79,Joyce Lewis,w,19,+281408438213,barbara.wilson@walker-rodriguez.com.br,7360
80,Samantha Reynolds MD,w,36,+496935072923,marcia.mcguire@howell.com,9622
81,Diana Martin,m,11,+40820416567,charles.delgado@murphy.net,4372
82,Alexander Young,w,26,+426214126701,karen.hahn@munoz-lane.net.br,7141
83,Kathryn Howard,w,16,+565868223614,keith.bailey@gutierrez.net.br,1272
84,Joanne Perry,w,28,+185347621530,nicholas.noble@coleman.com.br,8236
85,David Mcclure,m,19,+615401427254,patricia.mcdonald@williams.org.br,5120
86,Dustin Lozano DDS,w,19,+802053938162,penny.smith@singh.org.br,6537
87,Kellie Rich,m,39,+267599285245,kathryn.stewart@shepard.net,3050
88,Glenn Gray,w,24,+188017713866,jacqueline.sanchez@harris.org,8843
89,Ralph Schaefer,w,43,+532610464586,jason.hill@baker.com,137
90,Derrick Anderson,w,44,+669442638881,alexander.pope@hall-kelly.org,2038
91,Anthony Ruiz,w,32,+417330917792,michael.medina@baker-stewart.gov,8462
92,John Hancock,m,25,+513606767788,kevin.lopez@gomez-wilkinson.com.br,973
93,Daniel Meyer,w,69,+999408903300,samantha.anderson@williams.gov.br,3991
94,Mark Miller,m,14,+654155389649,jacqueline.moore@steele.gov.br,8620
95,Christopher Alexander,w,79,+795473396167,kathryn.garcia@lawrence.com.br,469
96,Kimberly Thomas,m,83,+821886863357,abigail.cooper@gallagher-taylor.com.br,1770
97,Julie Aguilar,m,61,+103447300183,stacy.jones@shaw.org.br,2467
98,Jessica Coleman,m,43,+191579786507,jennifer.schmidt@lang-gilbert.org,797
99,Judy Johnson,m,36,+433864600673,melissa.lawrence@hunt-compton.org,6668
100,George Vega,w,32,+676882253186,tiffany.dean@bailey-kirby.com.br,6690
101,Monica Butler,w,2,+35107314762,kathryn.miller@bentley.gov,9909
102,Amber Wilson,m,39,+200945532545,michelle.smith@swanson.gov,2230
103,Emily Griffin,w,5,+347843939632,gerald.smith@daniels.net.br,7915
104,Samantha Hodge,w,12,+674155915263,karen.dillon@james-smith.com.br,1136
105,Jessica Stewart,w,17,+896096318889,amy.wong@moore-morton.org,7279
106,Marcus Webb,w,72,+531728068182,kimberly.day@perez.com.br,3099
107,Rebecca Burke,m,100,+885647912566,dustin.allen@smith.org.br,7282
108,Samantha Wilson,w,58,+700869667759,heather.smith@james.net.br,5621
109,Christopher Higgins,m,26,+791900503307,steven.moses@green-mcfarland.org,4341
110,Roger Sanchez,w,3,+673545585359,melissa.cardenas@adams-best.com.br,7598
111,Russell Vega,m,54,+45513881476,donna.stewart@morris.com,2372
112,Susan Oliver,w,87,+84066944942,desiree.riddle@gillespie-smith.com,6948
113,Tommy Davis,m,20,+670227306341,linda.crawford@simpson.gov.br,7579
114,Madison Smith,m,73,+286581714232,catherine.brown@villa-atkinson.gov,1667
115,Pamela Mack PhD,m,80,+815849708271,joan.robinson@stark.com,7843
116,Elizabeth Morales,m,96,+235515901278,shelia.wells@ortiz-browning.com,2260
117,Michael Chandler,w,40,+293718862174,melinda.adams@lamb-miller.com.br,7094
118,Peter Zhang,m,71,+354302219992,dana.graves@garrett-rodriguez.com,1320
119,Vanessa Dougherty,m,29,+917819652721,rhonda.floyd@york.org.br,6684
120,Edward Bell,w,71,+600299722430,robert.mcdaniel@johnson.net,1575
121,Casey Howard,w,93,+423873445570,teresa.edwards@hall-edwards.net.br,5556
122,Dale Johnston,w,84,+99738985375,jeffrey.fields@lopez.com.br,8656
123,Marc Smith,m,53,+843853515898,mary.martinez@morris.net.br,8994
124,Thomas Cannon,w,20,+797005487499,douglas.macdonald@johnson-frazier.org.br,4333
125,Wesley Jennings,m,5,+362990696926,tammy.spencer@gordon.com.br,7517
126,Michael Davenport,m,48,+609559723055,connie.thomas@hunt.org,3035
127,Nicholas Oneal,m,88,+542046077585,luis.miller@robinson.org,8494
128,Corey Powell,m,84,+310863137494,melissa.hays@clark-hooper.gov,8285
129,John Mullen,w,56,+751454147983,john.cline@newman.gov,6810
130,John Garcia,m,90,+703886081958,andrew.villa@cruz-butler.org,3668
131,Hannah Gibson,m,78,+847798065317,michael.rosales@smith-white.org,7491
132,Diana Giles,m,16,+600769542837,ashley.white@nunez-young.org,1391
133,Mr. Shane Phillips PhD,w,51,+143155010437,dawn.lutz@duffy-rose.com,9673
134,Rachael Garcia,m,94,+465386920815,tony.knight@butler.gov.br,6794
135,Vanessa Gilbert,m,92,+871149703199,kenneth.coffey@taylor.net.br,8090
136,Justin Fry MD,w,19,+225318079829,scott.hanson@ray.gov.br,3753
137,Heather Murphy,w,51,+591363305061,edward.brown@kemp.net.br,9098
138,Caleb Gonzalez,m,28,+176553340969,emily.ramirez@nelson.com,1541
139,Lisa Barnes,m,29,+408463562781,jeffery.zuniga@schultz.com.br,5895
140,Matthew Young,m,34,+453824762808,shawna.reyes@garcia-copeland.gov.br,2900
141,Jessica Preston,m,28,+923694035232,brandy.burns@diaz.net,9289
142,Kaitlin Hawkins,w,33,+675778954045,daniel.ward@strickland.net,2114
143,Nicole Blackburn,w,48,+800198697129,michael.williams@torres.org,3904
144,David Elliott,w,39,+21859564587,angela.christian@kennedy-dickson.com,3604
145,Amanda Sanchez,m,99,+71313446085,amber.hansen@patrick.net.br,9283
146,Teresa Hale,m,25,+101575416726,ryan.anderson@smith-ortiz.gov.br,9968
147,Amy Rubio,m,20,+945888509221,michael.larson@frank.org,9390
148,Cynthia Larson,w,1,+834698164309,kristin.hill@smith-adams.org,3558
149,Tracy Salas,m,79,+513085696206,theresa.chapman@martin.net,7047
150,Keith Kelley,m,66,+693168018522,erika.zimmerman@mueller.net,3006
151,Robert Barnes,w,37,+839395282724,nicole.cherry@baker.net.br,9430
152,Fred Johnson,m,31,+501224855143,tracey.kelly@shields-dalton.org.br,6105
153,Jessica Thompson,m,41,+558376514734,laurie.bass@miller.com,738
154,Christine Davis,m,81,+239241928965,barbara.price@young.net,4358
155,David Davis,m,23,+916729409531,kimberly.mccoy@peterson.org.br,6416
156,Cheryl Griffin,m,80,+314520205264,robert.barker@patel-foley.com.br,4557
157,Morgan Gonzalez MD,w,28,+707026880024,andrew.maddox@rice.com,7931
158,Jeffrey Buckley,w,57,+852482770768,dawn.gonzales@moran.gov.br,243
159,Corey Decker,w,89,+349883035381,frank.flores@henderson.org,6811
160,Amy Johnson,w,43,+438001205629,shannon.diaz@tanner-collier.org,3978
161,Patricia Clark,w,56,+843685022447,lance.meyer@bryan-montgomery.net,1013
162,Edward Greer,m,2,+282809071119,gregory.moore@martin.net,6023
163,Joseph Williams,m,34,+930747245305,nathan.white@galvan.com,6290
164,Danielle Jordan,w,15,+357787762363,daniel.reed@wright.net.br,1959
165,Corey Harmon,m,58,+461105654398,catherine.boyle@walsh.gov.br,3343
166,Amy Lopez MD,w,61,+403747468457,jennifer.bauer@kirby-walsh.com.br,5852
167,Leslie Scott,w,6,+858555560752,timothy.rodriguez@hunter-martinez.org,3188
168,Tammy Williams,w,80,+674275671505,anthony.jackson@casey.gov,1538
169,April Flores,w,51,+787021246600,joshua.reynolds@mack.com.br,4100
170,Valerie Christian,m,53,+314824605423,patricia.farley@howard.net.br,3555
171,John Lee,m,86,+319804207536,robert.gibson@pierce-schmidt.com,2857
172,Nicole Martinez,m,43,+27464675455,nicholas.payne@hall.net.br,8954
173,Jennifer Padilla,m,66,+253574305241,david.jackson@welch-pittman.com,9214
174,Kimberly Murray,w,100,+493955136541,marissa.boyd@greene.net,9579
175,Julie Garcia,m,98,+599953176070,isaiah.cannon@kennedy.org.br,6727
176,Sharon Poole,w,49,+318699404571,william.rodriguez@wilson.org,538
177,Kathleen Young,m,65,+359773820237,renee.jones@adams.net.br,5630
178,Alexander Collier,m,78,+45671031924,edwin.harris@boyer.org.br,6833
179,Wendy Harris,m,94,+174104518495,charles.ramirez@abbott.org,3353
180,Karen Cruz,m,96,+281765151379,amanda.ray@stewart.gov,520
181,Emma Levine,w,79,+594054736839,jasmine.mcclain@gomez-joyce.net,3623
182,Christopher Adams,m,61,+43690928423,charles.hall@lee.gov,4848
183,Patricia Thomas,m,71,+456456478800,troy.compton@henson.com.br,7997
184,Ann Williams,m,5,+61843956630,alexandra.martinez@gordon-kemp.com.br,7592
185,Rachel Decker,m,22,+82806195956,eileen.benitez@cardenas.gov,6962
186,Lisa Mitchell,w,67,+755155681734,jeanne.white@mendoza.gov,1858
187,Ryan Meyer,w,7,+537565964294,sandra.rodriguez@pineda.gov,9289
188,Lisa Wolfe,m,29,+334824826633,ricardo.brown@wu-mendoza.net,9975
189,Heather Gonzalez,m,87,+138019518784,jennifer.zuniga@brewer-french.com.br,4103
190,James Ball,w,35,+241502832764,johnny.navarro@cook.com,6293
191,Dr. Brian Rice DVM,m,29,+561535106093,kayla.carlson@white.com,6741
192,Andrew Brown,w,84,+378300722898,jason.ortega@fleming.com.br,6515
193,Taylor Gentry,w,58,+857409877288,virginia.mejia@benjamin.gov,5503
194,Andrew Flores,w,14,+166155339880,mark.aguirre@smith.org.br,5231
195,Danielle Riddle,w,92,+723809501418,amanda.becker@edwards-wright.org.br,7461
196,Isaiah Lee,m,22,+131418301315,justin.howard@powers.com,9173
197,Michelle Sanders,m,60,+232995071483,david.rice@barber.com.br,2553
198,Anthony Franklin,m,65,+911951621950,douglas.heath@dawson-bridges.com,2712
199,Richard Bailey,m,35,+190396458500,mark.higgins@cross.org.br,8190
200,Ronald Mann,w,46,+167260596434,brittany.jones@williams-nguyen.com,3714
201,Natasha Gomez,m,72,+553384430346,carrie.wise@nielsen.gov.br,5215
202,Christopher Anderson,w,28,+752723703898,laura.shah@smith.gov.br,6110
203,Catherine Hanna,m,36,+579907267899,samantha.welch@conrad.net.br,4234
204,Tyler Thomas,w,51,+18337865098,patty.robinson@donovan-huang.org.br,8049
205,Jessica Crawford,m,8,+732626764531,anne.steele@taylor.gov,9648
206,Phillip Gonzalez,w,54,+491377168788,april.peterson@bowman.org,2685
207,Erica Price,m,2,+613704657572,lisa.warren@mitchell.net,8053
208,Emily Haynes,w,42,+492858427968,melissa.murphy@taylor.org,8897
209,Brian Martin,m,17,+967842610023,carrie.martinez@flores.gov,6680
210,Victor Thomas,w,73,+953812505439,valerie.rivera@johnson-contreras.net.br,9359
211,Jonathan Smith,m,22,+929907504234,sean.taylor@martinez-jones.com,2472
212,Julia Ferrell,w,71,+163850724571,samantha.white@mercer.com.br,3944
213,Cameron Green,m,82,+588934082343,marcus.young@anderson.gov,9885
214,Alexandra Flores,w,92,+985887593731,jason.white@bush.gov,5313
215,Roger Cantrell,w,96,+627502318395,troy.conway@hawkins.gov,766
216,Felicia Jones,w,64,+722752203814,derek.barajas@scott.net,8366
217,James Gonzalez,m,17,+986914604814,brian.rhodes@avila.net.br,6496
218,Cynthia Lambert,w,66,+209161989809,sharon.moon@brandt.com,8935
219,Ashley Preston,m,25,+21206507637,deborah.graham@walker.org.br,8122
220,Tom Rodriguez,w,23,+882006287338,lisa.whitehead@key.org.br,4521
221,Melissa Ferguson,w,25,+719220723974,samantha.williamson@morris-alexander.net,8492
222,Tyler Young,w,99,+18630069344,kevin.walsh@lee.org,7694
223,Jeremy Garcia,m,7,+321803458857,jesse.patterson@gonzalez-cunningham.com,1739
224,David Horne,w,88,+278375760640,emily.schmidt@powell.com,2985
225,Denise Moore,m,3,+793574199926,rita.thompson@torres.net.br,6768
226,Gregory Johnson,w,32,+231919739787,jeremy.brown@nguyen.gov.br,9145
227,Mrs. Sarah Potter,m,93,+878038054553,jessica.massey@leon.com.br,4578
228,Dustin Moore,m,48,+163507394852,karen.jennings@spencer.org,9992
229,Mathew Gonzalez,m,97,+115407314114,donna.reynolds@hicks.org.br,1022
230,Michelle Brown,w,66,+73406123198,george.harris@ray-cantrell.net,943
231,Jesse Campbell,m,30,+272101067527,thomas.rivera@shah.com.br,1554
232,Julie Watson,w,13,+329188666158,melissa.moore@schneider.net.br,6913
233,Jessica Watson,m,20,+665991474450,william.powell@wood.net,5970
234,Joseph Meyer,w,68,+791985890672,christina.bates@henderson.com.br,4359
235,Joel Smith,m,47,+52831133456,monica.richards@hodge.net,4573
236,Jonathon Baxter,m,94,+221037110432,david.ramos@knapp.gov.br,1499
237,Brandon Walker,m,2,+931584024061,ronald.frost@smith-baker.gov,9965
238,Christopher Braun,w,37,+416053160330,krista.ramirez@green.com.br,4998
239,Heather Carter,w,58,+398339124418,lisa.hunter@bond.org,5444
240,James Martinez,w,75,+511969169069,april.taylor@richardson-martinez.net.br,2921
241,Alexis Rice,w,8,+885050905379,cheryl.benjamin@mckinney.gov.br,3156
242,Nicole Hall,m,94,+731591345833,jennifer.carter@austin-thompson.gov.br,634
243,Carlos Williams,m,67,+142642678197,patricia.black@rodriguez-white.org.br,7672
244,Amber Yu,m,68,+153164111305,diane.bush@thompson-herrera.com.br,3624
245,Mary Buck,m,61,+827101692690,brittany.saunders@dillon.net,7970
246,Karen Hardin,w,83,+47799093906,lori.wiley@mcguire.org,3023
247,Scott Mathews,w,27,+511966129892,david.butler@rhodes-smith.net.br,9639
248,Maxwell Mclaughlin,w,5,+405282193679,mark.macdonald@thomas-wells.gov,904
249,Aaron White,m,93,+904097460215,nicholas.norton@wood.org,5389
250,Eric Maldonado,w,69,+391982658830,melissa.jackson@martin.com.br,6404
251,Jonathan Cardenas,w,55,+986693457057,tiffany.murphy@shaw.org,6360
252,Tara Horn,m,73,+512515561774,dylan.thompson@knight-simon.gov,5035
253,Jason Gonzalez,w,71,+908297449769,randall.gross@dixon-hale.gov.br,8231
254,Cathy Freeman,m,95,+731051303267,john.garcia@wilson.net.br,4165
255,Daniel Allen,w,73,+651988693594,susan.allison@contreras.org.br,9337
256,Catherine Wilson,w,48,+235638548684,aaron.campbell@smith-mccarthy.com,8490
257,Jeffrey Sanchez,m,65,+177824859731,sandra.murphy@bates.org.br,1209
258,Hannah Thompson,m,67,+100058218226,chad.wood@diaz-preston.org,9740
259,Brandy Gray,m,36,+213382976140,tommy.williams@bentley.gov,0
260,Dr. Jamie Wilson,w,93,+324811156063,steven.jones@larson.com.br,9498
261,Laura Ford,w,58,+109792719867,amy.sims@rowe.net.br,4518
262,Robert Gutierrez,m,9,+389324662285,david.armstrong@brown.com.br,6847
263,Jason Johnson,m,74,+327386916562,charles.osborne@carpenter.gov.br,906
264,Jacob Cross,m,87,+891769988236,daniel.allen@dominguez-thompson.net.br,4941
265,Krystal Guzman,w,41,+249356509775,jonathan.parks@herring-cox.net,7410
266,Justin Castro,m,40,+426498183852,peter.choi@green.gov.br,1686
267,Keith Baker,m,44,+515489498285,shelley.garcia@ramsey.net,3170
268,Richard Horne,w,39,+899117464754,jose.rodriguez@medina.com.br,158
269,George May,m,44,+961005118935,jennifer.hernandez@perez-foster.org.br,2801
270,Elizabeth Henry,w,1,+887259247085,bethany.sanchez@silva.org.br,125
271,Devon George,m,61,+923199226380,robert.lindsey@chambers.gov,7994
272,Danielle Griffith,w,68,+238266267578,joseph.bailey@stevens.net.br,6651
273,Nancy Brown,m,23,+759318274149,joshua.johnson@flynn-camacho.net.br,2751
274,Adriana Smith,m,30,+760603430893,scott.perez@reed.net.br,9855
275,Gregory Herrera,m,65,+497117965819,amber.esparza@davenport.com.br,8756
276,Elizabeth Owens,w,6,+922303129346,rebecca.howard@rhodes-king.net.br,9400
277,Mrs. Laurie Roberts MD,m,44,+547481812706,nicholas.carpenter@brewer.net.br,7414
278,Donna Patel,w,47,+439537955023,ashley.hanson@villegas.com.br,5811
279,Edward Mcguire,w,24,+541491502717,charles.white@parker.com,6530
280,Scott Sosa,m,68,+54089744992,jeffrey.price@rivera.com.br,9677
281,Dustin Ingram,m,86,+658524180748,bailey.zamora@gentry.gov,3690
282,Laurie Cruz,w,8,+677666327360,alexander.callahan@bryant.org.br,3921
283,Christopher Butler,m,87,+670445640046,natalie.welch@johnson.net.br,9259
284,Brian Beard,m,35,+199353947203,katherine.madden@washington-carter.org,8806
285,Beverly Williams,m,100,+689291691953,robert.watkins@blackwell.net,3531
286,Alexis Blackwell,w,96,+1005847559241,justin.oneal@barr-garcia.org,8957
287,Juan Bennett,m,19,+957108692112,stephen.flores@murphy.net.br,3450
288,Joshua Fisher,w,87,+160883203877,christopher.goodman@daniels.com.br,1020
289,Casey Waters,w,90,+88029137050,cindy.lewis@rivera.gov.br,520
290,Angela Smith,w,67,+197297786058,willie.jackson@king.com.br,3829
291,Tina Robinson,m,36,+299250993549,jeffrey.sanchez@blankenship.com,322
292,Mitchell Tanner,m,23,+850383327055,aaron.robinson@williams.org.br,1707
293,Larry Porter,m,46,+530482810139,jordan.ferguson@ryan.net.br,5096
294,Kendra Clark,m,87,+999831053517,jacob.rios@bennett.gov,8491
295,Mark Thomas,w,10,+593359842773,donald.brooks@hall.org.br,7795
296,Larry Davis,m,36,+779342294515,teresa.palmer@lara-lambert.net,1104
297,Christina Thompson,m,89,+899516553315,anna.booth@woods.net.br,1
298,John Brown,m,81,+871542114631,joanne.escobar@swanson.gov.br,707
299,Cynthia Avery,m,23,+562239427465,bonnie.malone@lynch-wright.gov,8066
300,Russell Castillo,m,2,+640296315634,michael.gonzales@owen-cervantes.net.br,4187
301,Rebecca Smith,w,85,+885201415091,justin.garcia@murray.com,5777
302,Karen Norman,m,2,+69651716866,ruth.lucero@steele-long.com.br,5060
303,Timothy Harris,m,51,+486452448364,mark.johnston@rivera.gov.br,8671
304,John Evans,m,93,+939934903531,christopher.wilson@curry-kelly.net,3240
305,Douglas Mitchell,w,3,+785267303625,angela.nguyen@morrow.gov.br,1835
306,Stacie Murphy,w,34,+121938330560,samantha.watson@scott-french.net,2037
307,Alexander White,m,40,+675536639931,kelsey.chaney@davis.gov,4994
308,Ronald Riley PhD,m,80,+383142189702,john.molina@hunter.gov.br,9221
309,David Salazar,m,74,+787546545385,christian.hess@palmer.gov.br,2407
310,Ricky Powell,m,80,+133622667947,sonya.melendez@kirby.com,2388
311,Gary Bradley,m,79,+366373149961,alexis.wilson@rosales-chang.org.br,468
312,Julie Brown,m,86,+482083450134,ellen.hudson@armstrong.com.br,9151
313,Cheryl Blankenship,m,83,+775908231067,neil.fitzgerald@williams.com,9167
314,Daniel Smith,m,23,+697222242185,brittany.patrick@hopkins-floyd.org.br,6858
315,Juan Jones,w,72,+103991338068,joseph.lyons@henderson-ward.org,8226
316,Megan Mitchell,m,17,+383936925311,eric.patterson@lester-sims.net,7277
317,Sandra Gonzales,m,98,+389975930429,kristen.davis@burgess.org.br,2923
318,Bryan Sexton,w,50,+586699827306,elizabeth.bailey@williams.com,8659
319,Ernest Wong,w,0,+828343141949,randy.jarvis@tyler-jimenez.org,6771
320,Haley Palmer,w,58,+975701034491,alexis.thomas@stokes.gov,2072
321,John Floyd,w,81,+599844149623,brittany.hanna@edwards-hart.net,5044
322,Nathan Gamble,w,51,+876687821417,breanna.lara@wyatt.gov,7451
323,Paul Olson,w,20,+585851708018,kathleen.rosales@mata.net,8643
324,Connie Reese,m,55,+712365414114,rachel.boone@moore.org.br,9977
325,Robert Blake,w,88,+1008157410271,melanie.mora@johnson.com.br,9682
326,Alicia Reyes,m,17,+951412510506,danielle.stanley@prince-frazier.gov.br,9260
327,Michael Peterson,w,6,+197031640965,lindsay.skinner@sosa-garcia.org.br,1765
328,Jesus Ross,m,45,+477659838147,sheryl.evans@wood-mccarthy.com,3230
329,Jane Jones,m,94,+793510805043,melissa.torres@fuller-foster.gov.br,886
330,Gary Wilson,m,42,+323435881244,patricia.matthews@white.gov,5261
331,Jessica Hughes,w,83,+974257514644,aaron.ritter@nichols.com.br,5243
332,Allen Hoover,m,81,+250842577158,jason.williams@hodges.gov.br,4479
333,Robin Blankenship,m,9,+278828930284,richard.johnson@oconnor.net.br,7251
334,Michael Tanner,w,38,+243190311975,john.johnson@fisher.gov.br,4474
335,Amy Dodson,w,44,+778046659618,veronica.graham@schaefer.gov,6396
336,Derek Miller,m,35,+652264124875,juan.reese@krause.org,4321
337,Justin Harris,w,64,+460706958314,tina.chapman@lopez.gov.br,3329
338,Daniel Moss,w,46,+735884782360,jason.lewis@lamb.net,6421
339,Toni Montoya,m,72,+118284113764,sherry.webb@collier.org.br,6841
340,Max Stewart,m,38,+450869815841,paul.vaughn@wilson.gov.br,9476
341,Catherine Rosales,m,20,+184664793305,antonio.bishop@garcia-lee.gov,8420
342,Angela Rivera,w,76,+874984227032,dana.owen@woods-howard.com.br,9806
343,Nicholas Holden,m,61,+108625214054,mark.howe@hill.com,5036
344,William Anderson,w,75,+927206568854,erika.webb@patel.com,989
345,Nicolas Robbins,m,63,+688661933952,paul.miller@tucker.com.br,3406
346,Craig Alvarez,w,50,+907050025184,deborah.bean@wilson.net,468
347,Sarah Hammond,w,8,+96218378115,jose.andrews@greer.org,240
348,Ray Humphrey,m,30,+564101536145,lindsey.fritz@valdez.net.br,1700
349,Jason Williams,w,78,+495935983001,paul.smith@peterson.net.br,5941
350,Barbara Johnson,m,63,+839542717267,kevin.edwards@harrison.net,8596
351,Shannon Gomez,m,36,+551167957791,linda.george@forbes.org.br,6402
352,Charles Garcia,m,84,+880792163221,frank.goodwin@lamb.com.br,2363
353,Destiny Petty,w,94,+622361287166,barry.baker@allen.org,1730
354,Beverly Thompson MD,w,21,+75850177680,david.williams@gonzalez.com.br,2572
355,Sara Martinez,w,14,+162805025551,heather.miller@arias.com.br,4347
356,Kimberly Cowan,m,47,+537387429048,timothy.griffith@pierce-richardson.net.br,3837
357,Sherry Phillips,w,35,+985774528320,donald.carlson@ray.net.br,4491
358,Melissa Chambers,m,64,+588984326997,nancy.wagner@navarro-walker.gov.br,3438
359,Brianna Davis,w,70,+247256037626,mary.parker@mcguire-bennett.gov.br,4056
360,Michelle Johnson,m,41,+317122494395,timothy.brown@spence.net.br,7067
361,Kyle Evans,w,99,+557162672848,stanley.spears@rush.gov.br,6139
362,Robert Gutierrez,w,18,+798809962988,susan.keith@flores.com,1449
363,Jacqueline Shelton,w,7,+365419693888,donald.hammond@roberts-larsen.net,1892
364,Sandra Carey,m,90,+712665022415,patricia.allen@bean-wheeler.gov,9624
365,Donna Bell,m,49,+312610239465,wesley.george@miller-cunningham.org.br,2176
366,David Mcpherson,m,23,+516719176510,max.sullivan@harris.org.br,2560
367,Carlos Gonzalez,m,77,+408554156581,lisa.hanson@clark.com.br,9210
368,Luke Allen,w,69,+233234461257,dale.mcbride@anderson-simmons.net.br,9194
369,Kimberly Mcbride,w,54,+22926755041,rodney.nelson@herring.net,7237
370,Steven Kaufman,m,85,+490886201535,steve.johnson@wells-nguyen.net,2613
371,Matthew Parker,w,94,+42956472729,shirley.byrd@schneider.gov.br,914
372,Samuel Williams,m,67,+342039558758,lori.clark@diaz-lucero.org.br,5767
373,Mary Kim,m,32,+812345303574,francisco.white@barnes.net,8410
374,Donald Wilson,w,77,+882430413280,brian.williams@jones-moreno.net.br,1135
375,Matthew Cox,m,27,+277693074445,courtney.mayo@reilly.com,3464
376,Anita Boone,w,42,+926975599268,angelica.conley@shepherd.com,9339
377,Benjamin Sheppard,m,49,+707205298770,ronald.cook@castro.net.br,2948
378,Mark Long,w,52,+766935473596,kelly.smith@moore.gov,5153
379,Gail Davis,w,32,+74131408290,paul.barnes@fleming-thomas.com.br,1780
380,Mr. Jimmy Scott,m,16,+640832919529,hayley.herring@lopez-goodwin.org.br,6813
381,Robert Ortiz,m,67,+263929664088,michael.martin@martinez.gov.br,6874
382,Jo Monroe,m,92,+117600525289,robert.gordon@thomas.org.br,4394
383,Carolyn Rogers,m,67,+637201807594,michael.elliott@vega.org.br,8173
384,Jason Butler,w,89,+658543388008,laura.wood@brown.com,4782
385,Mindy Sanders,m,18,+199256953155,mallory.lopez@west.gov,1528
386,Holly Taylor,m,45,+588463860696,cynthia.murphy@matthews.com,3300
387,Kristen Whitehead,m,86,+756225306396,daniel.ballard@wells-johnson.org,5523
388,Ellen Shepard,w,17,+98169875288,alexis.clark@rhodes.com,9223
389,Jessica Ryan,m,85,+48435669385,michael.whitehead@jenkins.net.br,6780
390,Ernest Martin,w,85,+637550994025,joseph.west@smith-calderon.com,8345
391,Morgan Lee,m,6,+184483710224,patricia.lloyd@porter.com.br,9781
392,Stephanie Sanders,m,46,+318161559709,david.day@stevenson-perez.net,5098
393,Erica Mays,w,20,+145030659651,jacob.love@simmons.com.br,105
394,Amber Perkins,w,5,+395578614771,brittney.lee@martin.com.br,7592
395,Michael Washington,w,42,+547747098671,jane.chang@price.gov.br,4608
396,Deborah Perez,w,68,+623929958162,margaret.edwards@sanchez.net,452
397,Alicia Herrera,m,28,+823086351737,sara.yu@preston.net,4254
398,Gary Brown,m,61,+75085327064,janice.mathews@chavez.net,1754
399,Steven Hall,w,65,+27821968604,ashley.dunn@armstrong.org,1729
400,Justin Reyes,m,49,+569409900192,karen.church@carey.org,8203
401,Megan Hoover,w,89,+611483581803,kathleen.rogers@ramos-smith.org.br,2809
402,Ashley Harris,w,56,+640562465130,joshua.malone@marquez-hunt.net.br,9737
403,Jon Atkins,m,34,+459685680093,daniel.hawkins@wood.org,3224
404,Jay Carpenter,w,2,+473990431382,oscar.young@wall.com,2359
405,Christopher Bryant,m,20,+312568512364,kelsey.james@kennedy.com.br,4857
406,Ashley Parsons,m,12,+238720946756,donna.mccullough@farley-andrews.com,5739
407,Kevin Humphrey,m,47,+924328749059,ashley.bond@anderson-cooley.gov,9647
408,Kimberly Moore,w,72,+307179095186,kimberly.anderson@jenkins.net.br,4846
409,Brittany Sosa,w,50,+448718805781,stephanie.gomez@kent.gov.br,6143
410,Zachary Mosley,m,31,+115017280751,tina.johnson@walker-roberts.net,4401
411,Garrett Holt,m,92,+91320622493,april.mcdonald@taylor-reese.gov.br,1471
412,Jennifer Arnold,m,87,+588049757815,andrea.carson@crawford-walker.com.br,6161
413,Charles Griffin,w,18,+672199902701,daniel.murray@thompson.net.br,1234
414,Nathaniel Chang,m,11,+1000206185290,stuart.beltran@dunn.net,4962
415,Anthony Long,w,50,+532756498172,patricia.chandler@burton.gov.br,3129
416,Louis Howard,w,47,+757827998106,cody.chang@carroll.gov.br,5938
417,Marissa Mcgrath,m,43,+575243807930,lori.jones@wright.net,6843
418,Pamela Brown,w,44,+488159011639,jennifer.allen@anderson-holmes.org,6635
419,Joseph Jackson,m,71,+874513315468,joseph.baker@mccoy.org.br,7240
420,Joe Drake,m,48,+770638093700,erica.hurley@moore.net.br,1010
421,Carl Smith,w,34,+359127608130,jessica.hester@adams-morris.org.br,6092
422,Michelle Ward,w,16,+278470129250,thomas.clark@thompson-zuniga.org,3986
423,Cheryl Morton,m,26,+116175075735,melinda.shannon@riggs.com,5624
424,Brian Wilson,m,61,+84564218841,julie.park@hill.gov,7389
425,Sherri Mullins,m,35,+94028798770,michael.morales@smith.net.br,6587
426,Ashley Russell,w,32,+247084512415,barbara.coleman@taylor-martinez.gov,6262
427,Keith Morales,m,46,+957006600271,katherine.lewis@peterson-knight.gov,403
428,Jamie Moore,m,71,+661791996431,timothy.williams@nguyen.gov.br,80
429,Deborah Moore,w,8,+211485256470,chelsea.french@wolf.gov,9142
430,James Yang,m,3,+822515450181,kevin.white@mitchell.net.br,5938
431,Nancy Jones,m,20,+244365602633,debra.king@smith.org,8802
432,Kevin Fitzgerald,m,36,+664068374612,gary.stewart@ramirez.net.br,9982
433,Paula Larson,m,83,+971890007255,kelsey.johnson@woodward.net.br,9465
434,Ashley Brown,m,11,+264769403568,jennifer.cole@jackson.com.br,3856
435,Kendra Turner,w,99,+783875832449,kenneth.doyle@roman.org.br,6537
436,Robin Long,m,7,+91457037618,william.burnett@fields-best.com,3511
437,Seth Spencer,m,20,+186898249180,zachary.dixon@garcia.org.br,346
438,Jacob Fisher,m,5,+438129154037,kelly.nguyen@hurley.com.br,1347
439,Elizabeth Miller,w,73,+295891158413,john.foster@williams.net,963
440,Kathleen Anderson,w,74,+912677902269,kendra.nguyen@sanchez.org.br,5125
441,Brian Randall,w,33,+947521377110,robert.cobb@george.net.br,5734
442,April Daniel,m,6,+802209079733,erica.watson@wagner-monroe.com.br,4553
443,Jacob Armstrong,m,51,+380062183099,renee.soto@allen-martin.com.br,8126
444,Julia Mclaughlin,w,46,+747737050301,david.gonzalez@hernandez-gomez.com.br,5946
445,John Porter,m,74,+530354141326,kyle.velazquez@faulkner.org,2765
446,Donald Brown,w,55,+316382492734,heather.rush@phillips-ferguson.gov,8491
447,Fernando Clay,w,74,+441860699368,amy.martinez@lopez.net,6091
448,Mary Ayala,m,27,+406258740996,alan.schultz@patterson.gov,3880
449,Jason Martinez,m,52,+71152052354,tonya.baker@hess.com,9151
450,Susan Stein,m,67,+584259726211,renee.martinez@campbell-christian.com.br,7741
451,Dr. Jennifer Stewart,w,54,+768153997047,aaron.cohen@zimmerman.com,1776
452,Willie Taylor,m,13,+484045944073,jacob.watkins@rogers.com,2134
453,Jennifer Snow,w,87,+22624276179,nicole.wood@rangel.gov,735
454,Elizabeth Clark,m,82,+144485954257,timothy.patterson@peterson.net,1434
455,Devon Carr,m,49,+197500859650,lance.woods@maldonado-casey.gov,9123
456,Joseph Watson,w,45,+110301532602,roger.gay@smith-diaz.org.br,295
457,David Harris,w,69,+898209534721,emily.farmer@craig-bell.gov.br,7637
458,Jonathan Rivera,w,28,+492853093281,susan.chen@bryant.org,8455
459,Francisco Mora MD,w,34,+621215145421,lauren.rios@garcia-murray.net.br,3242
460,Scott Parrish,w,14,+965569851733,sherry.green@myers.net.br,6689
461,Michael Patel,w,71,+16516764496,kimberly.spears@ward.org.br,9982
462,Kathleen Alvarado,w,55,+429117817432,jessica.edwards@benjamin.net,8422
463,Victor Wilson,w,17,+601683777561,jenna.weiss@steele.gov.br,9556
464,Gregory Smith,m,1,+100704523163,john.george@smith-eaton.gov,3740
465,James Osborn,w,97,+91038659896,meagan.walker@smith-morgan.gov.br,7898
466,Natalie Newman,w,89,+619854984208,matthew.juarez@hines.com,2928
467,Amy Shelton,w,25,+854802988028,leroy.doyle@smith.com.br,4068
468,Jason Schultz,m,93,+486653068853,patrick.matthews@morrison.gov.br,5573
469,William Sims,m,81,+710193291509,sherry.manning@herrera.net.br,5129
470,Michael Carter,m,55,+667630563307,elizabeth.thomas@kelly.net.br,7369
471,Dylan Reynolds,m,94,+272372209255,melissa.franklin@caldwell-rogers.net,4310
472,Daniel Burke,w,76,+438299883783,jon.williams@logan-robinson.net,164
473,Sara Mcclure,m,50,+862511161497,renee.franco@jensen.net.br,8086
474,Kevin Sawyer,m,40,+164817082364,kimberly.ross@white.org.br,5826
475,Samantha Hernandez,m,65,+154403658867,jessica.adams@french.net,1597
476,Christina Robinson,w,39,+316696367609,ian.wilson@goodwin.net,5584
477,Kenneth Johnson,m,17,+835069449494,linda.bender@johnson.net,569
478,Lisa Rios,m,79,+311961769684,tyler.rush@hernandez.com,8696
479,Mark Morgan,w,12,+248643219216,kimberly.moss@johnson.gov.br,9666
480,Joyce Johnson,w,64,+473466772388,amanda.davis@hicks-nicholson.net,6805
481,Jennifer Wilson,w,31,+65800403268,kevin.haynes@eaton.com,4621
482,Tommy Wagner,w,40,+559632684766,jacqueline.haynes@harris.gov,814
483,Karen Bates,w,26,+165140797006,christopher.nixon@johnson.net.br,4461
484,Christopher Torres,m,38,+239110853297,samantha.horton@morgan.org,9460
485,Billy Webster,w,36,+143488543661,michael.roman@hooper-williamson.org.br,7546
486,Michael Norton,m,1,+636405639218,roger.morrison@johnson-kane.gov.br,891
487,Rachael Cuevas,w,1,+663296070338,brandi.gonzalez@davis.org,3001
488,Michael Burns,m,26,+812047282132,scott.morrow@brown.gov,3109
489,Kimberly Ford,w,25,+498505729861,jorge.russell@goodman-matthews.com,770
490,Robert Mejia,m,39,+935104424475,kimberly.reed@barnes.org,354
491,Jonathan Peterson,m,63,+989325626316,jamie.johnson@dixon-johnson.gov,1619
492,Gina Cole,w,3,+108457390638,stephen.skinner@peters-hines.net.br,2477
493,Michael Mcdonald,w,95,+13227241694,kellie.peterson@costa.net,8118
494,Jennifer Johnson,w,19,+739618862597,richard.mosley@burnett.net.br,2414
495,Janice Smith PhD,m,88,+877931903600,douglas.davis@aguirre.gov,877
496,Samantha Vega,m,64,+521860786900,sharon.thomas@weaver-thomas.net,7549
497,Michael Scott,m,31,+276177290500,richard.harris@farrell.com.br,1204
498,Tony Rodriguez,m,8,+316370603292,paul.adams@pennington-west.net,6970
499,Kristen Parker,m,69,+651930424618,jon.day@johnson.com.br,4652
500,Michelle Simpson,m,22,+769119859354,glen.carroll@smith-ortiz.gov,1316
501,Ronald Wilson,m,1,+348156637980,elizabeth.castro@huang.org.br,2476
502,John Crawford,m,25,+118396452651,michael.roberts@contreras.com,595
503,Alyssa Allen,w,98,+491760219121,benjamin.spencer@cervantes-goodwin.net.br,938
504,Wayne Orr,m,9,+144874989486,susan.taylor@lewis.com,1121
505,Jessica Mills,m,73,+56103924090,charles.sherman@wood.org.br,817
506,Monica Hawkins,w,63,+197090568258,kelsey.webb@booth-phillips.net.br,2552
507,Dakota Walker,m,33,+970208174619,brian.johnson@goodwin-williams.net.br,7243
508,William Mills,m,31,+534382894856,dennis.robinson@williams.gov,2461
509,Richard Carlson Jr.,w,71,+690336366294,michele.kim@hinton.org.br,183
510,Anna Martin,w,64,+437286136439,shelley.cunningham@bonilla.gov.br,8678
511,Michael Parrish,w,10,+774280411391,andrea.stanley@mack.com,6122
512,Johnathan Edwards,w,45,+434714102978,daniel.golden@cooke-santiago.com.br,7986
513,Alejandro Williams,w,37,+526794898150,nicole.king@henderson.com,5403
514,Ethan Rose,m,63,+422020474537,tiffany.smith@bryant.gov,180
515,Riley Tyler Jr.,m,41,+292110544060,jaime.harper@mcdonald.org,7615
516,Candace Rogers,w,28,+519349773997,elizabeth.watkins@erickson.com,3896
517,Jacob Davis,m,90,+895250975689,steven.walton@davis.com.br,177
518,Karen Baker,w,86,+738574838087,ryan.roberts@williams.org,5522
519,Joan Gonzales,w,33,+501392632627,brian.farrell@aguilar-nguyen.gov.br,9385
520,Sharon Yoder,m,24,+913257774230,stephen.rodriguez@hoffman.com.br,7321
521,Jessica Howard,m,88,+387146075712,roger.brady@valdez.com.br,3935
522,David Campbell,w,58,+783243468113,katherine.acevedo@gross.gov,2612
523,Wayne Miller,w,13,+394315869003,erica.hughes@stokes-anderson.net.br,8719
524,Stacy Bailey,w,14,+646226771588,sarah.prince@mccoy.com,854
525,Jerome Bautista,m,95,+256031130406,donald.mathis@cox-mckee.org,6831
526,Marc Fields,m,56,+840609365937,shawn.kline@francis.com,6485
527,Taylor Solis MD,w,94,+415179656321,patrick.howard@santiago-flores.net.br,4412
528,Allison Kemp,w,71,+906406578207,elijah.harris@torres.com.br,3294
529,Maria Garcia,m,68,+761217141202,amanda.williams@ramos.gov.br,4124
530,Mary Nichols,w,28,+853854210822,timothy.richardson@cochran-norris.gov.br,487
531,John Patrick,w,50,+653553676896,michael.jefferson@jones.gov.br,9038
532,Laura Holder,m,46,+775034505945,nicole.barry@wise.net,902
533,Lisa Lara,m,94,+382101916636,emma.sims@hopkins.gov,1000
534,Lisa Walters,m,39,+852060379998,catherine.taylor@moore-boyer.gov.br,1642
535,Jeffrey Mcneil,w,77,+315443161463,ryan.cox@stokes.gov.br,4443
536,John Schwartz,m,81,+675756379674,brandon.mills@kent.org.br,1573
537,Kelly Rogers,w,78,+812148323053,ashley.leblanc@keith.gov.br,1658
538,Casey Riggs Jr.,w,98,+119010142827,melissa.horn@meyers.com.br,5496
539,Jessica Hall,m,47,+716946885043,adam.meyer@haynes-tapia.com,3379
540,Jessica Cohen,m,34,+614934733006,kendra.mills@melton.com.br,5893
541,Thomas Daniels,w,63,+397873960620,richard.smith@hartman-saunders.com.br,9019
542,Whitney Knight,m,87,+463635817655,brian.jenkins@krause-schaefer.net.br,764
543,Randall Holland,m,78,+158111742991,frederick.burgess@wright-jackson.net,7365
544,Tricia Vazquez,w,10,+994885020208,adam.marsh@edwards.com.br,2033
545,Richard Dodson,w,73,+338002753263,john.valentine@mcdonald.com.br,1172
546,Victoria Wagner,w,34,+334763837181,christina.burgess@young.gov,1386
547,Steven Nguyen MD,w,61,+867098301481,destiny.wallace@lee.net,6073
548,Dr. Samuel Good,w,10,+674680010346,tammy.rodriguez@taylor.org.br,5116
549,Christina Morse,m,80,+736685973342,heidi.lane@evans-brown.gov,7389
550,Lindsey Rivas,m,87,+667914139347,jason.west@reyes-daniels.gov.br,2217
551,David Parker,m,86,+230488403097,billy.goodman@myers.gov,781
552,James Thomas,m,60,+65748748229,caitlyn.obrien@barnett.gov.br,5662
553,Jason Thomas,m,8,+725286763955,madeline.ramsey@smith.gov.br,4967
554,Ann Weber,m,18,+58792417302,angela.henry@dixon-kline.com.br,3907
555,Michael Blevins,w,93,+593083573731,edward.soto@donovan.net.br,5117
556,Michael Bowen,m,59,+460918270524,scott.osborne@reed.com,3252
557,Sean Huynh,m,69,+13969263629,bryan.wood@reed.org.br,2176
558,Vanessa Brown,w,97,+387038214250,anthony.owens@jones.net.br,1963
559,Brian Thomas,w,83,+838677615141,donald.smith@turner.net,8733
560,Kristina Lewis,w,48,+444402401822,tonya.hodges@mcmahon-hood.net,5547
561,Renee Henderson,m,14,+214963734424,aaron.morgan@williams-morris.gov.br,6603
562,Karen Morgan,m,95,+924083207096,adam.meadows@chen.net.br,1066
563,Linda Richardson,w,59,+970269290787,mark.medina@green.gov.br,5193
564,Joseph Dixon,w,73,+123085090094,nicole.clarke@flores-miller.net,3819
565,Ross Castillo,m,65,+927195647159,cheryl.moses@huffman-mathews.org.br,1495
566,Carl Durham,m,90,+740673398930,angela.duffy@bradley.gov,2347
567,Jade Stevens,m,19,+21631896612,jermaine.gonzalez@sullivan-gonzalez.org.br,1394
568,Rebecca Romero,w,75,+324719584243,barbara.mitchell@ortiz-cannon.net,8525
569,Timothy Cervantes,w,78,+423379917092,nicholas.wise@brown.gov,4855
570,Robert Morrow,w,3,+574016307334,paul.benjamin@mullins-french.net,6785
571,Veronica Clayton,w,91,+442618731786,bobby.moyer@brown.net.br,7724
572,Kari Hernandez,w,5,+135880848813,jennifer.jones@fritz.com,8499
573,Lisa Gomez,m,44,+114325166342,lori.harris@rosario-davis.net.br,5265
574,Jason Shelton,w,68,+140505032627,jeffrey.turner@moore.com.br,8125
575,Edward Hardin,w,86,+254631339056,darrell.hughes@townsend.com,6379
576,Jessica Khan,w,8,+344012839290,michelle.aguilar@gross-andrews.com.br,4299
577,Adam Gomez,w,41,+903609596740,amanda.sosa@gomez-smith.com,6517
578,Kimberly Garcia,m,25,+343239088913,christy.pierce@barnett.org,7592
579,Christina Phillips,m,45,+898561356352,catherine.reed@nichols-gamble.net,8307
580,Jennifer Ellis,m,65,+724039572735,robin.martinez@gutierrez-meadows.gov,6962
581,Anna Yoder,w,35,+830825906414,jose.boone@lee-jones.gov.br,1255
582,Debra Davis,w,99,+82617560051,richard.clark@galloway-doyle.com.br,9947
583,Scott Mccoy,w,100,+936371841366,becky.turner@bates-anderson.com.br,5401
584,Traci Medina,m,37,+164137674022,steven.clark@murphy.net.br,5320
585,Melissa Moon,w,26,+831697671887,karen.ferguson@wood-gross.net.br,6081
586,Nicholas Fisher,m,26,+678584783031,katherine.pierce@hicks-kane.gov,5039
587,Peter Abbott,m,65,+973120321929,christina.smith@knapp.org.br,5950
588,Stanley Andersen,m,93,+25893037538,nicholas.miller@mcclure-ford.net.br,656
589,Kenneth Hunt,w,53,+629509397203,jason.fields@miller-sanchez.net,1095
590,Danielle Lawrence,m,31,+235296919951,faith.martin@day-white.gov,2898
591,Shelly Peterson,w,32,+509052438353,amanda.marks@smith.org,4687
592,Carlos Thomas,m,47,+445871721030,sarah.taylor@sullivan-cooper.gov.br,158
593,Briana Willis,m,94,+990803880808,darlene.salas@porter.gov,1388
594,Sheila Robinson,m,2,+10103792381,michael.knight@humphrey-klein.net.br,1011
595,Sophia Garrett,w,74,+858135809852,robert.mack@young-bailey.net,7593
596,Sandra Hull,m,22,+156097520670,dylan.schmidt@ray.gov,5254
597,Anne Herrera,w,6,+212819619698,michael.hebert@miranda.gov.br,3570
598,Tiffany Mcguire,m,92,+759181424468,nicholas.delacruz@trevino.net,2172
599,Tami Weber,w,32,+891494308102,robert.roberson@anthony.org,4947
600,Jonathan Wolf,w,78,+892223671930,olivia.thompson@frederick.net.br,9735
601,Daniel Murray,w,56,+853810484928,jennifer.garcia@mueller.com,259
602,Christina Lee,w,68,+55515606114,tracy.hernandez@ballard.net,2610
603,Heidi King,w,3,+793756690872,anthony.jackson@shelton.org.br,4694
604,Carlos Sullivan,m,20,+889405266403,samantha.rodriguez@miller.org,4254
605,Scott Frederick,m,70,+339216578231,deborah.herrera@adams-huber.com.br,7757
606,Nicole Jackson,m,34,+111079374890,elizabeth.mercer@scott.com,6564
607,Barry Ellis,w,83,+579058835064,joshua.bryant@ramirez-lee.org,4066
608,Jason Ross,w,5,+877154433173,madeline.hughes@chavez.org.br,7185
609,Heather Espinoza,m,64,+401590748325,riley.smith@hernandez-stephens.com,3332
610,Paul Austin,m,25,+866327953609,charles.martin@rodriguez-sutton.net.br,3701
611,Amy Alvarez,w,10,+255439503186,mark.walker@cobb-adams.org,3517
612,Emily Cameron,m,68,+585286274264,spencer.decker@ibarra.gov.br,4973
613,Tiffany Smith,w,15,+238441491226,michael.harper@turner-townsend.net.br,7149
614,Bonnie Barron,m,87,+1003184115605,michael.griffin@green.gov,1789
615,Donald Hall,w,4,+617872334176,henry.best@elliott.gov.br,657
616,Carmen Lane,w,22,+837116295147,jillian.owens@harrison.com,4645
617,Brenda Thomas,m,84,+528161414403,rhonda.spencer@gutierrez-jimenez.gov,2558
618,Jessica Moon,m,34,+52730082546,keith.mercado@hopkins.gov,8441
619,Michele Walker,w,31,+900715192177,mary.beasley@hayes.net,2560
620,Anthony Miller,m,73,+844010495033,wanda.christensen@villanueva.net.br,9460
621,Kelly Fowler,w,81,+48734589259,tara.glover@nash.net.br,3164
622,Margaret Stanton,w,70,+326477862070,gregory.garcia@roach.com.br,4333
623,Felicia Martinez,m,15,+154814306277,michael.brooks@reeves.com.br,2760
624,Robert Bishop,m,65,+332881601720,jennifer.hickman@montgomery-jones.gov,2890
625,Michael Rollins,m,24,+391749109148,pamela.hale@miller.org,5224
626,Nathan Norman,m,62,+981082152778,robert.reed@becker.org,7038
627,Luke Cain,m,29,+921942830654,brandy.bush@carpenter.net.br,3142
628,Stephanie Mcbride,w,79,+497491526467,sean.marquez@cohen-smith.org,5732
629,Travis Andrews,m,98,+41226267107,derek.davis@farley.com.br,3259
630,Melanie Blackwell,w,87,+554286749110,marilyn.thompson@smith-garcia.net.br,5392
631,Erica Elliott,m,5,+358440250298,ashley.rich@johnson.gov,3324
632,Jennifer Jordan,w,55,+882780698760,courtney.cervantes@walker.net.br,8743
633,Kayla Lee,w,45,+405903087991,sharon.sanchez@king.com,6515
634,Brandy Sims,w,30,+787060782010,matthew.burns@reid.net.br,1016
635,Bruce Franklin,m,67,+85983094510,darrell.carter@key.com,2819
636,Jason Hernandez,m,92,+734592902535,pamela.velazquez@maxwell.org,5496
637,Elijah Davis,w,10,+371841693229,richard.boyd@reyes.org.br,3551
638,Jeffrey Brown,m,24,+498393512955,david.vincent@parks.gov,2562
639,Joseph Terrell,m,53,+880232956283,jacob.alexander@wilcox.com,4517
640,Steven Johnston,w,40,+580158172637,alicia.robinson@rivera-mitchell.net.br,9978
641,Ryan Wilson,m,86,+833387383365,amy.padilla@sanchez.gov,6647
642,David Walters,m,7,+656021948521,teresa.chen@fischer.com,9881
643,Alicia Perry,m,84,+456780896871,jessica.arnold@flynn.gov,2620
644,Jennifer Willis,m,60,+987759353039,stephanie.young@nicholson.org.br,8610
645,Michael Wilson PhD,m,7,+793354927703,amanda.allen@cowan.net.br,2556
646,Edwin Ruiz,w,83,+681889470578,mary.wade@meadows-nguyen.net.br,1255
647,Jose Sanchez,m,47,+339200748260,richard.vargas@short.gov,6210
648,Marc Townsend,w,7,+299045669443,michelle.willis@gonzales-martin.com.br,9375
649,Jermaine West,w,93,+506107343106,joseph.smith@burke.net,7712
650,Kathryn Jordan,m,58,+882736800955,brenda.bridges@cox.org,9901
651,Susan Rivera,w,34,+13097323643,brianna.greene@brooks.org,8708
652,Autumn Bishop,w,50,+456357607021,luis.maynard@rodriguez.com,574
653,Julia Wise,m,40,+674066786174,molly.murillo@snyder.gov,9209
654,Alice Ward,w,16,+415871494744,margaret.hood@carter.org,6108
655,Brooke Rodgers,w,6,+815041431155,lee.alvarez@johnston.org.br,3955
656,Bryan Russell,w,36,+503806576548,linda.carlson@carter.com.br,8923
657,Kristine Rodriguez,w,98,+55744244436,connie.shaw@moore-sellers.net,4731
658,Nicole Nelson,m,50,+307407453429,toni.johnson@kerr.org,8449
659,Mrs. Yolanda Rivera,w,21,+648129831706,monica.harris@rosales.gov,6999
660,Alyssa Cortez,w,8,+830060089474,tammy.davis@hernandez.net.br,1184
661,Kathryn Johnson,m,3,+631330782144,peter.tran@johnson.com.br,4843
662,Russell Taylor,m,1,+822502584459,zachary.davis@garcia.org,1360
663,Jonathan Adkins,w,89,+745053882091,lisa.bradford@gonzalez-lewis.org.br,2946
664,Shane Wallace,w,91,+108469423644,vanessa.brock@owens.org.br,3114
665,Timothy Garcia,w,76,+126597296547,craig.wagner@banks-edwards.com.br,9897
666,Aaron Thomas,m,84,+645486347732,gavin.golden@allen.net.br,7269
667,Kimberly Powers,w,22,+391575208184,ariana.mcmahon@patel.net.br,3719
668,Jennifer Carlson,m,74,+430469091731,robert.evans@fernandez.com,914
669,Cindy Frank,w,72,+213578440955,tammy.palmer@hubbard.org,2964
670,Samuel Holt,m,92,+356203062196,angela.anderson@brown-turner.org,2817
671,Sandra Yates,w,52,+552060778647,robert.valencia@whitehead.gov.br,2877
672,Cheyenne Sutton,m,38,+141779494853,sharon.sullivan@gallagher-gaines.org,4865
673,Mary Brown,m,68,+242147493914,pamela.maldonado@rodriguez.gov,8408
674,Kenneth Rodriguez,w,53,+791783817495,katrina.martin@curry-morris.gov,1491
675,Christopher Thompson,m,54,+927762096792,dana.hicks@brown.gov.br,4142
676,James Quinn,w,68,+371276349746,kyle.jones@howe.com,1552
677,John Martinez,m,34,+988702398114,andrew.cox@mason.net,4388
678,Shannon Johnson,w,5,+134838729193,danielle.jackson@stephenson.net,1026
679,Eric Stephenson,w,0,+121361995390,daniel.lynch@allen-morrow.org.br,9271
680,Mr. John Lin,w,57,+991236693403,destiny.hernandez@love.gov,9161
681,Kelly Brown,w,13,+20052341231,whitney.king@myers.net,7664
682,Jennifer Harris,m,53,+588936108183,timothy.villarreal@patel.gov.br,8962
683,Robin Thomas,w,49,+110185771497,susan.reid@armstrong-phillips.net.br,7222
684,Michael Jackson,w,28,+22806260277,stephen.jones@reynolds-cooke.gov,2180
685,Erica Jones,w,19,+597285440645,matthew.wood@wells.org,6743
686,Cody Castillo,m,43,+843192981110,andrew.watson@black.org,3763
687,John Wallace,w,37,+125186733285,philip.gonzalez@schmidt-molina.com.br,7694
688,Yolanda Le,m,79,+160984831239,kristina.bauer@kline.gov,1778
689,Javier Thomas,w,66,+932012050079,melanie.cain@jackson.gov.br,8854
690,Anthony Collins,w,40,+526095298905,edward.estes@alvarado.org,7394
691,Michael Osborne,w,26,+874022958251,joseph.wilkins@rodgers-thomas.com.br,1030
692,Robert Castro,m,20,+353053573587,kaylee.sandoval@perez.com,3950
693,Steven Brady,w,44,+319312009378,roberto.bates@schultz-chavez.org.br,4973
694,Bethany Williams,m,4,+808317591304,melissa.montgomery@banks.org,800
695,Austin Salazar,w,2,+647737770032,jonathan.fields@james.com,5188
696,Brittany Huang PhD,m,0,+744451406677,alicia.smith@morrison.org,4758
697,Mrs. Natalie Scott MD,w,96,+829457665190,andrew.hunter@gonzalez.com,3584
698,Jennifer Campos,m,23,+20387203765,shawn.sanchez@barnes.org.br,7480
699,Andre Smith,w,56,+374434752023,jessica.smith@berry.gov.br,1673
700,Martha Cunningham,m,83,+997003172765,april.jones@bradley.org.br,1802
701,Joshua Hamilton,w,93,+969169727256,michael.ford@garcia-cantu.org,8429
702,Madeline Kirby,m,91,+645954925306,kevin.cameron@hall.org.br,3301
703,Charles Acosta DDS,m,10,+415567706110,autumn.harris@white.org,9640
704,Darlene Downs,w,0,+985854403171,frances.woods@mendoza-anderson.gov.br,5922
705,Krista Warner,m,21,+297264558611,joshua.tucker@mayer-cruz.net,5740
706,Christian Lambert,w,82,+717223963648,steven.keller@miller-gregory.org,6363
707,Jacob Smith,m,34,+341419642564,kayla.ross@nelson.net.br,4329
708,Joseph White,w,76,+365452028699,michelle.salinas@turner-stevens.net,5782
709,Jennifer Golden,m,77,+449097600916,shawn.rogers@johnson-diaz.net,5692
710,Donna Luna,w,41,+321568550314,christopher.morris@bennett.org.br,4339
711,Sydney Russell,m,18,+472766934920,courtney.jackson@ellis.org.br,4732
712,Joel Stanton,m,48,+753532839158,joel.guerra@cooper-pruitt.org,4387
713,Lisa Reed,m,88,+60552921595,jill.blevins@moore.net,9038
714,Catherine Shaw,m,48,+234561565585,sheryl.huffman@johnson-peters.org,6213
715,Deanna Atkins,w,79,+549976094060,brent.smith@pratt.net.br,9853
716,Eddie Jackson,w,36,+959815023215,erika.cole@murphy.com,7595
717,Kimberly Barker,m,83,+268423718654,julie.hayes@smith.gov.br,4006
718,Greg Mayo,m,31,+730268566682,amanda.ramsey@benson.org.br,4033
719,Briana Church,w,21,+314079061279,samuel.taylor@gates.org,6054
720,Sonya Baker,w,15,+47590517648,jeffrey.vega@rodriguez.gov.br,9203
721,Deborah Davis,m,83,+583656108822,donald.greene@pena.com.br,463
722,Samuel Miller,m,41,+983083201512,grace.moore@chang.gov.br,8260
723,Kristine Young,m,32,+272249414523,keith.hanna@flynn-griffin.gov,8267
724,Elizabeth Dawson,w,15,+196907715971,lisa.houston@cox.org,827
725,Dominique Warren,m,1,+526430743199,eric.bailey@pearson.org.br,1806
726,Cynthia Davis,m,0,+981742447922,robert.davis@kim-brown.net.br,8840
727,David Wilson,w,79,+919143438725,julian.mckinney@mccoy-black.gov.br,5869
728,Gregory Hart,m,65,+850162817139,maria.bautista@wise.net.br,4467
729,Jeffrey Morris,m,67,+844781632424,beth.vaughn@stewart.gov,3618
730,Andre Morse,w,19,+313827251033,tyrone.odonnell@jones-austin.org.br,5041
731,Ashley Schmidt,w,69,+29136573303,richard.hernandez@turner.net.br,7019
732,Tiffany Hayes,m,47,+631783644457,brenda.wade@bradshaw.com,9593
733,Scott Paul,w,24,+550455869131,victor.cantrell@bautista.net.br,56
734,Ashley Rodgers,w,1,+96194506407,cheryl.rodriguez@vincent-ayers.net.br,1670
735,Aaron Fuentes,m,3,+1002245156987,hunter.francis@gonzales-morgan.org.br,1914
736,Philip Harrison,m,90,+994884450578,thomas.buckley@ross.gov,7813
737,Michelle Deleon,w,66,+961103801469,craig.clay@murray-kelley.net.br,579
738,Kevin Wright,m,99,+668658134937,daniel.bradley@villarreal.gov,8595
739,Christopher Brown,m,28,+1008411344562,elizabeth.spencer@vasquez.net,2529
740,Jamie Sims,w,95,+682467539695,janice.cunningham@maldonado-pittman.com,9733
741,Bradley Horton MD,m,81,+888375629646,annette.owens@allen.org.br,2710
742,Todd Harrington,m,48,+109442570424,joanna.thompson@hughes.gov,2184
743,Andrew Wilkerson,m,61,+827658083806,margaret.cox@bennett.net,7997
744,Cassandra Sims,w,90,+80215078573,anna.sanchez@allen.gov,6382
745,Craig Chavez,m,70,+451041710774,christine.cooper@waters-gallegos.net.br,3829
746,Karen Harrison,w,0,+351958957507,jeremiah.weber@ward.gov,2504
747,Jeffery Richardson,w,15,+292277129423,nancy.merritt@lloyd.net,1319
748,Kelly Stone,w,31,+215401222092,mary.elliott@singh.com,9518
749,Misty Shaw,w,77,+673632370237,eric.thompson@copeland-baker.com,3388
750,Mark Bass,w,94,+261395107151,mary.acosta@wilson.org,2981
751,Theresa Parrish,m,4,+330661652686,william.anderson@martinez-hale.com.br,3047
752,Robert Miller,m,5,+880839269529,eric.valentine@hawkins.gov.br,8526
753,Keith Robinson,w,58,+285407749150,grant.brown@chavez.net.br,6167
754,Olivia Bailey,w,0,+103629225989,susan.day@collins.net.br,3999
755,Anthony Alvarez,m,41,+527192402517,melinda.thompson@thompson.gov,5562
756,Kenneth Davis,w,59,+549946410980,frank.reid@carter.gov,1780
757,Emily Brewer,w,82,+341306816227,felicia.olsen@adams.net,2398
758,Danielle Terry,m,99,+870970790872,ariana.johnson@mcguire-hill.org,1282
759,Sarah Phillips,m,21,+724109697191,ashley.dickerson@aguilar-mckenzie.com.br,6457
760,Stephanie Davies,w,7,+898327476778,steven.anderson@tapia-rodriguez.org.br,4507
761,Greg Oneill,w,2,+855128839301,bryan.walker@olson.net.br,3840
762,Adam Clark,w,16,+476258455434,katie.garrett@hernandez-griffin.com,9291
763,Lindsay Collins,w,54,+23400216011,jeffrey.ross@greene.gov.br,9750
764,James Payne,w,48,+765154155268,meredith.white@gallegos.gov,2030
765,Kevin Barajas,m,20,+711830237720,duane.sullivan@lawson-hall.net.br,5406
766,Michelle Harris,w,50,+899855649015,john.rogers@anderson.org,1293
767,Ronald Young,m,13,+689054115494,jessica.peck@collins-wolf.gov.br,1665
768,Matthew Ramirez,w,57,+887824380123,john.leonard@henry-white.net,188
769,Phillip Graham,m,14,+180955039260,philip.rivas@boyd-harrison.net,8394
770,Stephanie Herrera,m,9,+743774319788,bradley.ruiz@christensen.com,9176
771,Kaylee Thomas MD,m,52,+544082554927,shane.hudson@smith-robinson.net,2092
772,Dawn Walker,w,15,+844884399589,april.stewart@guzman.com.br,1759
773,Deborah Mooney,w,13,+197737914858,ryan.casey@keith-garza.org.br,796
774,Jonathan Snyder,m,23,+896619077068,mary.johnson@lane.gov.br,2575
775,Adam Acevedo,w,4,+564764252469,john.brooks@hodges-watson.com,7348
776,William Mason,w,13,+584997008240,karen.velez@sanders.gov,2471
777,Cynthia Davis,m,76,+341378314968,tonya.rangel@green.org,1803
778,Sarah Marshall,m,96,+549290821165,sarah.garner@wilson-yoder.gov,9839
779,Natalie Olsen,w,48,+355979910041,erica.webb@flores.gov.br,8829
780,Johnny Parker,w,95,+201626073781,patrick.robinson@jackson.net,2157
781,David Clark,w,72,+308972455059,ernest.johnson@black.org.br,4683
782,Melissa Stephens,w,7,+239791813224,james.garcia@howard-jimenez.gov,7686
783,Andrew Bryant,w,52,+977506340283,zachary.hughes@marquez.net.br,4705
784,Aaron Arellano,w,11,+511247145232,antonio.murphy@lara.org,7587
785,William Miller,w,3,+219669667529,daisy.shepard@christensen.org,1720
786,William Johnson,w,10,+11045846265,grant.reed@thomas-doyle.net,8937
787,Craig Edwards,m,2,+437860200843,linda.martinez@lopez-mccoy.net,706
788,Connie Austin,w,52,+71342990148,gary.price@wilson-walker.com.br,7781
789,Joseph Miller,w,82,+1007699921545,brenda.moore@barrera-brown.com,7440
790,Leah Fox,w,48,+897962967803,zoe.merritt@robbins-hartman.org.br,9559
791,Matthew Contreras,m,71,+342647614860,dennis.cole@payne.com,4677
792,Douglas Wiggins,m,3,+903666477009,monica.smith@davis-howard.org,5822
793,Julia Rodriguez,m,70,+172078147854,rebecca.edwards@campbell-cowan.com.br,2972
794,Sabrina Wilson,m,98,+253547837323,deborah.moreno@wilson.org.br,8034
795,Danielle Stewart,w,13,+982232252861,ronald.murray@gutierrez.net.br,9025
796,Christopher Jennings,w,76,+705018123350,nancy.galloway@clark.org.br,5404
797,Diane Carter,m,8,+530561596380,christopher.daniel@douglas-davis.gov,4643
798,Debra Robinson,w,14,+781106689125,jamie.johnson@smith.gov,9563
799,Michael French,w,4,+436682528259,lauren.collins@holland-kane.gov.br,7882
800,Julie Sanchez,m,92,+639849482659,elizabeth.harvey@monroe.net.br,5160
801,Shari Herrera,w,99,+889271884614,ashley.smith@jones.net.br,1196
802,Rebecca Holland,m,49,+494811939288,ronald.wheeler@price.com,126
803,Kathleen Ho,m,72,+344816386217,samantha.evans@wheeler.com,5368
804,Dennis Schneider,m,24,+821739003643,vanessa.reeves@russell.gov.br,1762
805,Michelle Blanchard,m,81,+360449768271,douglas.king@gallegos.com.br,8418
806,Jeffrey Wright,w,94,+973100500224,heather.davis@dunn.gov.br,6364
807,Mrs. Krystal Ortiz,w,18,+621085032486,jasmine.booth@holloway.net.br,3782
808,Christopher Mosley,m,82,+60948623596,tammy.hobbs@sheppard.org,3400
809,Philip Evans,w,40,+217691696275,robert.ruiz@jenkins-ortiz.gov,4492
810,Laura Thomas,m,20,+741550904280,debra.hayes@webb.org,5367
811,Shannon Walker,m,99,+84424569451,justin.hamilton@graham.org,5567
812,Laura Moss,w,52,+827412476162,amy.schultz@johnson-rodriguez.com.br,6944
813,Stacey Long,w,95,+265845568038,edward.harris@francis.com.br,3457
814,Ruth Mitchell,w,13,+316351439767,margaret.silva@curtis-young.com,1024
815,Brandon Lewis,m,98,+135808991958,aaron.morris@smith-davenport.gov,7476
816,Ellen Yates,m,33,+394470993045,matthew.gibson@duke.com.br,6312
817,Theresa Washington,m,57,+411621826478,laura.johnson@hall.com,1522
818,Travis Davis,w,0,+187181890232,austin.henry@hughes-tyler.net.br,5400
819,Donna Santos,w,38,+919640828919,rhonda.chavez@davis-cross.net,4716
820,Andrew Thomas,w,63,+736074626189,alyssa.johnson@mora-zimmerman.org.br,2522
821,Christopher Rodriguez,w,97,+593863397145,dana.peterson@keith.com.br,379
822,Mr. Christopher Turner II,w,49,+763794388179,hailey.jackson@barajas.org,7536
823,Kyle Morris,w,96,+297518235512,lisa.thomas@hernandez-johnson.gov.br,8470
824,Sydney Ross,w,9,+683739945490,sheila.ortiz@hall.net,4346
825,Nancy Ellis DDS,w,3,+439967068730,luis.bernard@osborn.org.br,8518
826,Susan Delgado,w,59,+571894825837,allison.meyer@pearson-joseph.gov.br,4670
827,Kimberly Moore,m,42,+35952171081,danielle.allen@turner.org.br,8446
828,Reginald Johnson,w,65,+472826174415,karen.hernandez@martin.com.br,5940
829,James Phillips,m,74,+641250846475,kelly.black@smith.net,9821
830,Derek Thompson,m,4,+364559527830,anna.sloan@avila-mcbride.gov.br,3097
831,Nicholas Miller,m,6,+253326429778,robert.brown@harrison.org.br,6169
832,Gregory Thompson,m,29,+436206735505,james.martinez@mccarty.gov,9243
833,Joseph Watts,m,42,+950176891228,cheryl.thornton@wood.org,4740
834,Sarah Young,w,49,+526695733881,amanda.reese@hall-martinez.net.br,9999
835,Andrew Mcclure,w,11,+722964851696,danielle.olson@carter.com.br,4241
836,Nancy Patel,w,4,+958228203361,william.smith@salazar.gov.br,6225
837,Michelle Little,w,9,+264619534821,wesley.huber@terry.com,125
838,Joseph Hamilton,w,0,+602159615586,robert.mccarthy@walsh.net,6880
839,Mark Wallace,m,69,+969352798468,melissa.gross@andrade.com.br,6501
840,Billy Ford,w,72,+645431829882,kristi.sullivan@oliver.org,8333
841,Mr. John Cruz,w,84,+556942251988,julia.nicholson@kim.gov,1939
842,John Murillo,m,23,+326500890470,dawn.evans@lutz-weber.gov,3898
843,Richard Tran,m,72,+741887720032,traci.lopez@decker.gov.br,9991
844,Joshua Klein,m,48,+769830741969,john.durham@thompson.com.br,4584
845,Melissa Paul,w,40,+176410513960,paige.gray@bishop-poole.com.br,5052
846,Danielle Wright,w,37,+801137260054,jay.lawrence@martinez.com,8789
847,Patrick Kim,w,54,+957347780861,jennifer.silva@hall.org,3527
848,Matthew Garcia,m,63,+985231637281,edgar.robinson@george.gov,4759
849,John Shaw,m,42,+835483342288,mary.perry@james-blackburn.net,1313
850,Michael Marks,w,66,+475704117239,matthew.pierce@weaver.gov,8710
851,Joseph Levine,w,48,+737061144420,gary.gray@butler.net.br,5253
852,Jason Williams,w,25,+625504424150,rebecca.morales@hill.org.br,3180
853,Kenneth Thompson,m,100,+34030346673,jacqueline.winters@campbell.net,6409
854,David Wolfe,m,20,+875521776575,adrienne.rodgers@campbell.org,9918
855,Timothy Ball MD,m,79,+805453583681,sean.chavez@mays-dawson.net,5135
856,Cassandra Walton,m,65,+546505762689,andre.anderson@hall.gov,9072
857,Jacob Payne,w,15,+348016468157,michael.long@huerta.com.br,9498
858,Kiara Mckenzie,m,87,+198362751524,donald.curry@nichols.net.br,3520
859,Joseph Torres,w,40,+462411628624,barbara.skinner@thomas-smith.com.br,4427
860,Andrew Perez,w,37,+257383131300,belinda.dalton@reyes-williams.net.br,1862
861,Katherine Lewis,m,89,+395863057509,lindsey.daugherty@levine-phillips.com,7542
862,Nancy Lawson,m,27,+316146310509,michelle.simmons@bates.net.br,7109
863,Daniel Wilson,m,11,+215384677059,natalie.scott@bender.com,7865
864,Kathryn Blevins,w,84,+322547283761,christopher.booth@lee-mcmahon.gov,8891
865,Erika Brown,w,77,+936614724928,jason.carr@garcia-watson.com.br,3296
866,Evelyn Jones,w,16,+368289524849,patricia.moore@nelson.org.br,5473
867,Kenneth Jones,w,79,+643607390967,robert.gregory@harrington.net,3347
868,Benjamin Campbell,w,93,+159845494007,bethany.craig@johnson-jones.org,1575
869,Ashley Rodriguez,m,21,+140357308138,robert.parker@harris.org.br,5892
870,Jessica Alvarado,w,77,+489299037936,jeanette.sims@brown.com.br,7888
871,Kelli Davis,m,25,+873816582228,john.frank@carter.gov.br,9925
872,Sarah Hernandez,m,43,+502900263680,karen.patterson@lopez-downs.org.br,6858
873,Andrew Mason,m,91,+608637751168,ryan.parsons@delacruz.org,3289
874,Matthew Brady,w,77,+448808806834,rebecca.haas@carpenter.com.br,702
875,Cynthia Hughes,m,78,+476589200560,crystal.fleming@maynard.net.br,5101
876,Michael Mcgee,m,60,+238713682760,joshua.lee@weaver.net,2239
877,Darrell Harris,m,66,+593310573002,matthew.higgins@perez-riley.org,8475
878,Steven Smith,w,37,+312445517781,brian.miller@davis.org,8440
879,Jacqueline Schmidt,m,69,+889511649507,melissa.stein@washington-christensen.org.br,6899
880,Jennifer Perkins,m,75,+896987847911,rhonda.butler@holmes.org.br,7897
881,Rachel Hatfield,m,56,+123821085159,lisa.murphy@terry.gov.br,2375
882,Aaron Newman,w,93,+415730738260,gina.jensen@gray-taylor.com.br,4966
883,Carly Rodriguez,w,82,+972570832267,devin.cortez@bishop.net,8276
884,Michael Reilly,m,70,+741297996242,brian.davis@woods-terrell.net,7487
885,Rhonda Lamb,w,57,+114214815544,lindsey.patel@smith.gov.br,2086
886,Gregory Lawrence,m,2,+37009724235,george.jackson@dorsey.org.br,2998
887,Susan Moore,m,39,+651501386129,wesley.gilbert@serrano-knight.net,1909
888,Allison George,m,87,+232488838557,olivia.ward@mills-harvey.org.br,1033
889,Ms. Christina Russell,m,35,+572338002975,loretta.johnson@young.net.br,1790
890,Aaron Ruiz,w,78,+19961299222,heather.hayes@brewer.org,7774
891,Paula James,m,56,+847913487042,james.smith@ward.com.br,3093
892,Francisco Taylor,w,16,+445137397218,antonio.moore@doyle.org.br,699
893,Shelby Nelson,w,71,+145026705254,samuel.newman@moran.gov,1654
894,Toni Harrison,w,72,+958642289198,michael.murphy@williams.gov.br,2454
895,Andrew Yang,w,93,+850766357692,jose.olson@jackson.net,5462
896,Jeffrey Green,m,30,+344702677624,michael.fowler@parker.org.br,2841
897,Autumn Oliver,w,4,+687115548064,jessica.moore@schmidt.net,4445
898,Nathan Cohen,m,40,+786933512592,michelle.clark@newton.gov.br,5288
899,Stephanie Simpson DVM,w,1,+716074543532,kelly.brown@taylor-herrera.gov.br,7323
900,Christopher Flowers,w,79,+267908218620,dennis.green@wagner-martin.net,1553
901,Luke Smith,w,24,+967055375410,courtney.garrison@adams.com,8482
902,Jason Miller,w,91,+264686084876,michael.lin@carlson-peters.com.br,8693
903,Janet Harmon DDS,m,67,+318907264564,sarah.davis@keller.com,763
904,Walter Craig,m,44,+697831016316,jessica.moss@clark.com,8122
905,Charles Martinez,m,6,+210051852828,christopher.parks@king.net,2458
906,Tiffany Williams,m,19,+803605511645,wanda.booth@cardenas.gov,1464
907,Tyler Mitchell,m,53,+376987280088,gerald.morgan@ramirez.org.br,6806
908,David Lyons,w,14,+416295430917,ashley.vance@marks.net,4497
909,Nathaniel Page,w,66,+284967214995,kelly.hart@sanford.gov.br,6093
910,Paula Lewis,w,66,+466233220962,sarah.ortiz@hayes.org,5373
911,Mark Kelley,w,65,+989482001731,mariah.baldwin@miller.gov,9301
912,Calvin Snyder,m,19,+985776000886,joseph.reilly@jones.net,4892
913,Lauren Medina,m,61,+409300212943,morgan.torres@love-white.org,177
914,Brandy Villegas,w,24,+547911968949,yolanda.matthews@palmer-martinez.gov,1786
915,Sean Richardson,m,85,+460249310682,tracy.solis@gray-brown.com.br,6462
916,Kristin Rogers,m,91,+261269401324,patricia.liu@thomas.gov,338
917,Lisa Moore,m,63,+393044893338,jeffrey.paul@campbell.gov,1399
918,Theresa Tate,w,84,+501267357855,sarah.fisher@jennings-hughes.gov.br,7677
919,Jason Russell,w,64,+35510259035,ashlee.norris@fields.com.br,9165
920,Olivia Kaiser,w,67,+951034351980,edward.smith@collins.net.br,4737
921,Jeffrey Underwood,w,38,+898175811813,david.lewis@russell.net.br,4057
922,Misty Mathis,m,16,+296479905150,roy.west@tran.com.br,3704
923,Anthony Sellers,w,50,+770639884374,derrick.beck@brown-brock.net,4099
924,Christina Ramirez,m,44,+180579149894,brian.deleon@brandt.org.br,8128
925,Michael Roberts,w,80,+286655999992,randall.camacho@gomez.com,3803
926,Jennifer Young,m,62,+126264863177,george.olsen@hancock.com,410
927,Kristi Rodriguez,w,36,+394684680913,russell.abbott@carson-clark.com,6279
928,Ryan Williams,w,79,+907214806759,jessica.wolf@barrett.gov.br,3082
929,Jennifer Sandoval,w,78,+507853175484,donna.vazquez@mitchell.org,1676
930,Walter Gentry,m,53,+702970476729,theodore.scott@ford.net,6789
931,David Miller,m,66,+748820054845,cynthia.blake@dixon.gov.br,8039
932,Christopher Nichols,m,20,+794027783577,virginia.humphrey@guzman.net.br,1541
933,Christopher Singh,w,16,+13822092336,alexander.watson@gomez.org.br,1607
934,Kayla Gallagher,m,46,+684557635837,diane.lewis@rowland-mendoza.com.br,9281
935,Anna Yu,m,49,+495778797302,timothy.sullivan@anderson.org,7934
936,Teresa Castillo,w,39,+458190405204,allison.suarez@avila.net.br,6772
937,David Marshall,w,2,+296789749718,kelsey.cooper@allen.gov.br,9745
938,Amber Duarte,m,23,+619624072323,peggy.wood@barnes-phillips.gov.br,5749
939,Joshua Austin,m,71,+397586920068,james.kim@barnes.net,8297
940,Bryan Ford,m,79,+815381840042,daniel.butler@higgins-guerra.net,6862
941,Randy Hill,m,39,+53993452772,donald.short@reeves.com.br,2889
942,Judith Pugh,w,42,+504907602496,sharon.white@reed-jackson.net.br,4968
943,Christopher Smith,w,79,+140301555444,dominique.franklin@perry-vincent.net,3836
944,Luis Castillo,m,70,+969016712722,william.howell@bates.net,3161
945,Martin Howard,m,11,+789263330862,christopher.lutz@carter-morris.net,8466
946,Christina Hoffman,m,19,+167400999198,john.parrish@jones-miller.com.br,2541
947,Stefanie Alvarado,m,78,+715619020452,anthony.lam@johnson-brock.com,8198
948,Darius Reyes,m,5,+711966771689,adam.bernard@rogers-wagner.com,9574
949,Elizabeth Dixon,m,6,+101517432959,jon.hendrix@howard.com,4415
950,Tristan Jackson,m,33,+645147631549,david.robertson@vincent.net.br,5708
951,Nicholas Rodriguez,m,54,+546998357388,kevin.kelly@beck-watts.org,4689
952,Monica Freeman,m,11,+975378119228,corey.lam@leonard-smith.com,2807
953,Veronica Williams,m,76,+875839996261,jennifer.cannon@garcia.org.br,3359
954,Heather Miller,w,3,+979618567050,william.martin@curtis-white.gov.br,1686
955,Joshua Evans,m,1,+412914118176,laura.browning@browning-vaughn.gov.br,3577
956,Laura Davis,m,95,+795949592228,christopher.henderson@cross-manning.org.br,6795
957,Kelly Villegas,w,47,+642839981675,sarah.warren@flynn-anderson.net,7287
958,Jennifer Strickland,w,28,+926912016485,mark.martinez@lopez-quinn.gov.br,7507
959,Larry Osborn,m,98,+538128764924,brandon.nunez@diaz.net.br,1170
960,Ashley Bell,w,85,+805756512394,maria.mcmahon@sanders.org.br,8190
961,Samuel Wheeler,m,98,+645333355245,joseph.ramirez@roach-chase.com.br,2791
962,Dustin Sutton,m,33,+942180936814,michael.simon@black-ingram.net,498
963,Samantha Shah,m,19,+939394048984,cheryl.salinas@mack.com,464
964,Deborah Schwartz,w,66,+473865552376,brian.ingram@jackson.gov,815
965,Jennifer Kim,m,96,+124129184896,amanda.stanley@meyers-knox.gov,6526
966,Chad Kelly,m,32,+821967627204,patrick.smith@rodriguez-chang.net.br,9067
967,Tonya Horton,w,19,+74009451314,frank.stevens@davis.gov.br,9897
968,Jennifer Robinson,w,22,+540410019681,kimberly.contreras@moses.org,3078
969,Rachel Smith,w,81,+724057118306,david.hanson@serrano.org,7003
970,Michael Camacho,m,31,+866855484375,denise.novak@richardson.net.br,4677
971,Latasha Schultz,w,18,+371633497264,sheila.fox@stevenson-jones.org.br,1472
972,Sabrina Sosa,w,1,+435282857278,david.carson@clarke.com.br,8680
973,Donna Wood,m,57,+312026732159,william.archer@ferguson.org,4401
974,Scott Wood,m,47,+226138809956,rebecca.dunn@carter-jackson.org.br,7506
975,Deborah Lewis,m,20,+711349467049,nicole.montgomery@watson.com.br,9863
976,Kayla Jackson,w,45,+142452906971,samantha.murphy@nelson-davis.com,9097
977,Sophia Garcia,m,41,+174512830989,tracy.allen@price.gov.br,4801
978,Zachary Thompson,w,46,+313657613298,steven.proctor@hodges.com.br,7817
979,Jennifer Peterson,w,69,+459684937277,bryan.ramirez@schwartz.org.br,642
980,Elizabeth Miller,w,96,+798567179289,john.cline@wilson.com,8391
981,Kim Castro,w,27,+174491310077,theresa.flynn@cochran-henry.com,276
982,Ryan Tran,m,44,+808089860023,tiffany.taylor@gonzalez-thompson.com,9199
983,Linda Allen,w,25,+547371468433,susan.pittman@taylor.gov,6943
984,Julia Wilson,m,42,+577457535701,nicholas.bryan@holland.org,3790
985,Curtis Whitaker,m,16,+837821988217,robert.henry@dunn.org.br,537
986,Rebecca Smith,m,30,+799431262517,melvin.thomas@levine-hill.net,2046
987,Don Mcgee,w,97,+989431225946,justin.porter@taylor-murray.net,6400
988,Dr. Stacey Wilcox,w,27,+375401105766,edwin.johnson@brewer-carter.org.br,8509
989,Jacob Nichols,w,97,+151399151113,robert.brown@elliott-walsh.com.br,3803
990,Shane Mata,w,9,+563779678029,sarah.kaiser@stark.com.br,3919
991,Cory Goodwin,m,64,+107315421769,johnny.garcia@acosta.com.br,7899
992,Alexander Barrett,m,17,+28004298777,anne.wright@andersen.net.br,5240
993,Robert Davis,m,68,+303031619953,james.jones@reese.gov.br,8328
994,Karen Page,m,95,+560329591377,anthony.smith@michael.org.br,430
995,Christopher Lewis,w,25,+750053352215,christian.tran@peterson.gov.br,9406
996,Joshua Shaffer,m,98,+231989832936,dustin.smith@clay.gov.br,6430
997,Jimmy Johnson,w,57,+653222447015,mark.russell@herrera-holland.com.br,3253
998,Jesse Carter,w,69,+345261125300,tyler.mathews@estrada.net,4433
999,Kenneth Guerrero,m,83,+81872801673,wanda.davis@costa-morgan.gov.br,5370
